road,start,end
1121529670858017113,flat,
1179318895394226822,,flat
1186510750682437559,,flat
1330341413513048194,,round
1338622680328530188,flat,flat
1425185301155921928,,flat
1496779428110700047,round,
1615179236882659892,flat,flat
1665986996810528696,,flat
1676571980910567216,,flat
1717749145130798015,round,
1720711862445128301,flat,flat
1736725991538027655,flat,flat
1754122589688343229,flat,
1943370964926618174,,flat
221767008387607874,square,
2286681828365421593,flat,flat
2306557708558841926,flat,flat
2338731754792104281,flat,
2399021111675927613,flat,
2569262511564654469,flat,flat
25722618171067748,flat,
2690043110493740424,flat,
2694529092516317559,,square
2835193137460404044,flat,flat
297931977540741582,flat,
3002771556796183643,flat,flat
3093731103555305308,flat,round
3170422395217323907,flat,flat
3223049329744887236,flat,flat
3260336198988481266,flat,flat
3487789174266503140,flat,flat
3529068874471343126,flat,
3553438890306926631,,flat
3580026185110109832,,flat
3639438131486059958,flat,flat
3913596625020233819,flat,flat
3931993807544992114,flat,
3975112410202167541,flat,
4002432009691719520,flat,flat
4129441075697991258,,flat
4454987030486000106,square,
4628183342609875807,flat,
4728490987105713200,flat,flat
4812591141911086683,,flat
5066398000877616371,flat,flat
5083055091365113006,flat,
5180165389971495534,flat,
5189973269757150113,flat,flat
5286217639573004009,flat,flat
545218161373926197,flat,
5460995256723219759,flat,
580398639878030479,flat,flat
5888331892565627201,flat,flat
5962768505710735676,flat,
5976495204935254846,flat,
6194277882237988998,,flat
6267683321049194333,,flat
627214992825572667,round,
627317691515029546,round,
6296225071010184990,flat,
6360000872653864637,,flat
6388189146100631683,,flat
6602176641083707803,round,
6648438229118988132,round,
6701649005665231793,flat,flat
6826608274868047300,flat,flat
683666470146267312,flat,flat
7044543093390809876,round,
7095730121581162956,,flat
7326685095825362908,flat,flat
7496400055271299016,round,
752851032820681550,flat,
7567452634479167525,,flat
7652029510735114293,flat,flat
7660901139081358746,flat,flat
7830700882565362572,flat,
788291226954336629,,flat
7910395095814073287,flat,flat
8060491509562219142,flat,
8063286070856765806,flat,flat
8093025544158700283,,flat
818085796844509269,,round
8277540089478770184,,flat
8517327879984904882,flat,flat
8528436742631886103,flat,flat
8702217539681616692,,round
8819058105157962787,,round
893836363511759877,,flat
8967602796794841121,,round
897844352218445458,flat,flat
