relation,a,b,a_end,b_end,enabled
order,8466264919699490650,2835193137460404044,,,true
order,2835193137460404044,9137347253565020387,,,false
order,9137347253565020387,2835193137460404044,,,true
order,2990167704135388472,8405013224137778487,,,false
order,8405013224137778487,2990167704135388472,,,true
order,2990167704135388472,8466264919699490650,,,false
order,8466264919699490650,2990167704135388472,,,true
order,2990167704135388472,1619963916932128105,,,false
order,1619963916932128105,2990167704135388472,,,true
meet,201009209697276788,8060491509562219142,end,start,true
meet,201009209697276788,6291901213256923233,end,end,true
meet,8693788170965235910,4886538833281171879,start,start,true
order,5566772266206780522,7652029510735114293,,,false
order,7652029510735114293,5566772266206780522,,,true
meet,1811232703591965861,5426365585774570166,start,end,true
meet,496105323193786617,1781718912401960701,start,end,true
meet,496105323193786617,1781718912401960701,end,start,true
meet,496105323193786617,1781718912401960701,start,start,true
meet,2037729375342856465,123001168275082924,end,end,true
meet,2934963010763798947,2037729375342856465,start,end,true
stack,1425185301155921928,7326685095825362908,main,,false
stack,1425185301155921928,7326685095825362908,main,,true
stack,1425185301155921928,7326685095825362908,end,,false
stack,1425185301155921928,7326685095825362908,end,,true
stack,1425185301155921928,7326685095825362908,main,,true
meet,1330341413513048194,8528436742631886103,start,start,true
meet,8684691913313777643,6194277882237988998,end,start,true
meet,3093731103555305308,7127899109129480802,end,start,true
meet,3093731103555305308,7127899109129480802,start,start,true
order,7567452634479167525,1717749145130798015,,,true
meet,6760296290660884968,323552325351846544,start,start,true
meet,6760296290660884968,3861742281574816433,start,start,true
meet,6760296290660884968,323552325351846544,start,end,true
meet,323552325351846544,2344433114167414762,end,end,true
order,2268425378827784512,8528436742631886103,,,true
meet,5218441207750965040,7632305058072581017,start,end,true
meet,4544113858186214350,7273866584570309072,start,start,true
meet,2210486303197870976,8503051478251022153,end,start,true
meet,1121529670858017113,8684691913313777643,end,end,true
meet,8684691913313777643,5083055091365113006,end,start,true
meet,8684691913313777643,5083055091365113006,end,end,true
order,7326685095825362908,7268123185220727929,,,true
order,7326685095825362908,7268123185220727929,,,true
order,4237218739865130998,8314271038957821713,,,true
order,1815970158996162474,8314271038957821713,,,true
order,3260336198988481266,1362434455375101910,,,false
order,7268123185220727929,3536029364255899208,,,true
meet,8684691913313777643,8702217539681616692,end,end,true
order,2338731754792104281,5460995256723219759,,,true
stack,1362434455375101910,3260336198988481266,,,true
