road,start_m,end_m
1075604650836380899,6.8,4.2
1126944660305124339,20,
1330341413513048194,6.1,0.5
138915958570832083,5.6,0.5
1425185301155921928,20.9,5
1677888850149984815,25,20
1717749145130798015,5,16.5
1720711862445128301,0.6,2.3
1894521973599662290,31.1,5
1978330681292337299,1.1,4.6
2037729375342856465,10,
2195498451477679931,15,5
221767008387607874,3.3,4.1
2310010429609399740,16.8,5
2338731754792104281,5,65.9
2344433114167414762,3.8,0.5
2423052504125767593,28.9,12.6
25722618171067748,9,5
2612794274766043500,7.8,3
2694529092516317559,18.5,5
2934963010763798947,0.6,2.3
3011446102606224317,5,32.1
3093731103555305308,1.9,1
3165528140994095307,50.4,5
3170422395217323907,4.3,0.5
3536029364255899208,5,30.7
3580026185110109832,56.7,5
3582277027071637288,8.7,12.4
3588334166041303615,,10
3865391994503594298,218.8,5
4071248292597923305,5,14.9
4129441075697991258,,45
4204807248110651295,18.2,5
4283549418086853827,13.9,5
4298199569386326816,5,22.6
4304240310642999747,25.4,5
4454987030486000106,5,25
4466960039917994567,18,5
4710851064306347819,8.1,4.4
4728490987105713200,2.3,0.5
4730279982210313820,5,7.5
4812591141911086683,8.7,3
496105323193786617,1.3,0.5
500064072005963051,5,53.7
5460995256723219759,5.1,24.2
5802243683461334887,,10
6064217066215023778,0.5,3.5
6291901213256923233,20,
6394460115260501761,,20
6465460889732664523,6.3,6.8
6471016024852816111,,10
6701649005665231793,0.5,2.9
6760296290660884968,10.1,2.9
683666470146267312,,10
6879738458846830640,23.5,5
7127899109129480802,5.8,0.5
7268123185220727929,28.8,21.8
7382443578137571719,3,1.5
7496400055271299016,5,8.7
7567452634479167525,10,
7686143968952319632,5,11.2
7830700882565362572,,35
8060491509562219142,2,10
8093025544158700283,5,11.4
8184630861726909272,6.5,9
8442002720893533469,21.8,5
8528436742631886103,274.1,5
8816919576512530068,12.5,10
8871237860227661651,21.3,5
9052064092158202072,5,15.6
9111840629191203839,1.9,7.4
9210878307001787140,9.8,5
